year,paper,question_number,avg_performance_pct,topic_v2,source,source_page
2014,P1,1,70,ALG,manual,
2014,P1,2,58,SEQ,manual,
2014,P1,3,50,SEQ,manual,
2014,P1,4,49,FUNC,manual,
2014,P1,5,44,FUNC,manual,
2014,P1,6,37,FUNC,manual,
2014,P1,7,52,FIN,manual,
2014,P1,8,53,CALC,manual,
2014,P1,9,32,CALC,manual,
2014,P1,10,39,CALC,manual,
2014,P1,11,29,PROB,manual,
2014,P1,12,29,PROB,manual,
2014,P2,1,69,STAT,manual,
2014,P2,2,61,STAT,manual,
2014,P2,3,57,AGEO,manual,
2014,P2,4,57,AGEO,manual,
2014,P2,5,42,TRIG,manual,
2014,P2,6,34,TRIG,manual,
2014,P2,7,37,TRIG,manual,
2014,P2,8,59,EUCL,manual,
2014,P2,9,38,EUCL,manual,
2014,P2,10,34,EUCL,manual,
2015,P1,1,60,ALG,manual,
2015,P1,2,60,SEQ,manual,
2015,P1,3,60,SEQ,manual,
2015,P1,4,56,FUNC,manual,
2015,P1,5,47,FUNC,manual,
2015,P1,6,26,FUNC,manual,
2015,P1,7,43,FIN,manual,
2015,P1,8,52,CALC,manual,
2015,P1,9,29,CALC,manual,
2015,P1,10,22,CALC,manual,
2015,P1,11,28,PROB,manual,
2015,P2,1,72,STAT,manual,
2015,P2,2,33,STAT,manual,
2015,P2,3,51,AGEO,manual,
2015,P2,4,64,AGEO,manual,
2015,P2,5,49,TRIG,manual,
2015,P2,6,42,TRIG,manual,
2015,P2,7,39,TRIG,manual,
2015,P2,8,56,EUCL,manual,
2015,P2,9,28,EUCL,manual,
2015,P2,10,38,EUCL,manual,
2015,P2,11,29,EUCL,manual,
2016,P1,1,70,ALG,manual,
2016,P1,2,54,SEQ,manual,
2016,P1,3,31,SEQ,manual,
2016,P1,4,42,FUNC,manual,
2016,P1,5,39,FUNC,manual,
2016,P1,6,27,FUNC,manual,
2016,P1,7,50,FIN,manual,
2016,P1,8,42,CALC,manual,
2016,P1,9,38,CALC,manual,
2016,P1,10,24,CALC,manual,
2016,P1,11,41,PROB,manual,
2016,P1,12,69,PROB,manual,
2016,P2,1,74,STAT,manual,
2016,P2,2,52,STAT,manual,
2016,P2,3,59,AGEO,manual,
2016,P2,4,69,AGEO,manual,
2016,P2,5,44,TRIG,manual,
2016,P2,6,36,TRIG,manual,
2016,P2,7,33,TRIG,manual,
2016,P2,8,57,EUCL,manual,
2016,P2,9,44,EUCL,manual,
2016,P2,10,36,EUCL,manual,
2017,P1,1,60,ALG,manual,
2017,P1,2,63,SEQ,manual,
2017,P1,3,18,SEQ,manual,
2017,P1,4,51,FUNC,manual,
2017,P1,5,49,FUNC,manual,
2017,P1,6,45,FIN,manual,
2017,P1,7,65,CALC,manual,
2017,P1,8,40,CALC,manual,
2017,P1,9,41,CALC,manual,
2017,P1,10,9,PROB,manual,
2017,P1,11,25,PROB,manual,
2017,P2,1,66,STAT,manual,
2017,P2,2,64,STAT,manual,
2017,P2,3,49,AGEO,manual,
2017,P2,4,43,AGEO,manual,
2017,P2,5,57,TRIG,manual,
2017,P2,6,35,TRIG,manual,
2017,P2,7,50,TRIG,manual,
2017,P2,8,46,EUCL,manual,
2017,P2,9,34,EUCL,manual,
2017,P2,10,34,EUCL,manual,
2017,P2,11,41,EUCL,manual,
2018,P1,1,71,ALG,manual,
2018,P1,2,70,SEQ,manual,
2018,P1,3,48,SEQ,manual,
2018,P1,4,59,FUNC,manual,
2018,P1,5,55,FUNC,manual,
2018,P1,6,45,FUNC,manual,
2018,P1,7,50,FIN,manual,
2018,P1,8,67,CALC,manual,
2018,P1,9,38,CALC,manual,
2018,P1,10,18,CALC,manual,
2018,P1,11,34,PROB,manual,
2018,P1,12,31,PROB,manual,
2018,P2,1,60,STAT,manual,
2018,P2,2,48,STAT,manual,
2018,P2,3,55,AGEO,manual,
2018,P2,4,52,AGEO,manual,
2018,P2,5,43,TRIG,manual,
2018,P2,6,41,TRIG,manual,
2018,P2,7,38,TRIG,manual,
2018,P2,8,61,EUCL,manual,
2018,P2,9,49,EUCL,manual,
2018,P2,10,31,EUCL,manual,
2019,P1,1,64,ALG,manual,
2019,P1,2,70,SEQ,manual,
2019,P1,3,33,SEQ,manual,
2019,P1,4,55,FUNC,manual,
2019,P1,5,52,FUNC,manual,
2019,P1,6,57,FIN,manual,
2019,P1,7,62,CALC,manual,
2019,P1,8,39,CALC,manual,
2019,P1,9,42,CALC,manual,
2019,P1,10,21,PROB,manual,
2019,P1,11,26,PROB,manual,
2019,P2,1,75,STAT,manual,
2019,P2,2,53,STAT,manual,
2019,P2,3,69,AGEO,manual,
2019,P2,4,47,AGEO,manual,
2019,P2,5,37,TRIG,manual,
2019,P2,6,30,TRIG,manual,
2019,P2,7,34,TRIG,manual,
2019,P2,8,49,EUCL,manual,
2019,P2,9,44,EUCL,manual,
2019,P2,10,44,EUCL,manual,
2020,P2,1,74,,extracted,197.0
2020,P2,2,75,,extracted,197.0
2020,P2,3,57,,extracted,197.0
2020,P2,4,47,,extracted,197.0
2020,P2,5,28,,extracted,197.0
2020,P2,6,44,,extracted,197.0
2020,P2,7,52,,extracted,197.0
2020,P2,8,52,,extracted,197.0
2020,P2,9,45,,extracted,197.0
2020,P2,10,43,,extracted,197.0
2020,P2,11,51,,extracted,197.0
2021,P1,1,70,,extracted,188.0
2021,P1,2,72,,extracted,188.0
2021,P1,3,50,,extracted,188.0
2021,P1,4,66,,extracted,188.0
2021,P1,5,77,,extracted,188.0
2021,P1,6,48,,extracted,188.0
2021,P1,7,51,,extracted,188.0
2021,P1,8,49,,extracted,188.0
2021,P1,9,69,,extracted,188.0
2021,P1,10,38,,extracted,188.0
2021,P1,11,8,,extracted,188.0
2021,P1,12,27,,extracted,188.0
2022,P1,1,65,,extracted,200.0
2022,P1,2,51,,extracted,200.0
2022,P1,3,64,,extracted,200.0
2022,P1,4,54,,extracted,200.0
2022,P1,5,54,,extracted,200.0
2022,P1,6,47,,extracted,200.0
2022,P1,7,61,,extracted,200.0
2022,P1,8,43,,extracted,200.0
2022,P1,9,9,,extracted,200.0
2022,P1,10,21,,extracted,200.0
2022,P1,11,47,,extracted,200.0
2023,P1,1,71,ALG,manual,
2023,P1,2,72,SEQ,manual,
2023,P1,3,48,SEQ,manual,
2023,P1,4,55,FUNC,manual,
2023,P1,5,32,FUNC,manual,
2023,P1,6,48,FIN,manual,
2023,P1,7,66,CALC,manual,
2023,P1,8,47,CALC,manual,
2023,P1,9,26,CALC,manual,
2023,P1,10,30,PROB,manual,
2023,P2,1,84,STAT,manual,
2023,P2,2,50,STAT,manual,
2023,P2,3,63,AGEO,manual,
2023,P2,4,59,AGEO,manual,
2023,P2,5,42,TRIG,manual,
2023,P2,6,34,TRIG,manual,
2023,P2,7,43,TRIG,manual,
2023,P2,8,60,EUCL,manual,
2023,P2,9,44,EUCL,manual,
2023,P2,10,18,EUCL,manual,
2024,P1,1,69,ALG,manual,
2024,P1,2,56,SEQ,manual,
2024,P1,3,40,SEQ,manual,
2024,P1,4,60,FUNC,manual,
2024,P1,5,42,FUNC,manual,
2024,P1,6,44,FUNC,manual,
2024,P1,7,40,FIN,manual,
2024,P1,8,68,CALC,manual,
2024,P1,9,34,CALC,manual,
2024,P1,10,23,CALC,manual,
2024,P1,11,40,PROB,manual,
2024,P1,12,33,PROB,manual,
2024,P2,1,61,STAT,manual,
2024,P2,2,41,STAT,manual,
2024,P2,3,57,AGEO,manual,
2024,P2,4,62,AGEO,manual,
2024,P2,5,48,TRIG,manual,
2024,P2,6,45,TRIG,manual,
2024,P2,7,35,TRIG,manual,
2024,P2,8,40,EUCL,manual,
2024,P2,9,51,EUCL,manual,
2024,P2,10,32,EUCL,manual,
2024,P2,11,33,EUCL,manual,
2025,P1,1,67,,manual,
2025,P1,2,53,,manual,
2025,P1,3,69,,manual,
2025,P1,4,58,,manual,
2025,P1,5,53,,manual,
2025,P1,6,14,,manual,
2025,P1,7,39,,manual,
2025,P1,8,81,,manual,
2025,P1,9,40,,manual,
2025,P1,10,25,,manual,
2025,P1,11,25,,manual,
2025,P2,1,74,,manual,
2025,P2,2,40,,manual,
2025,P2,3,70,,manual,
2025,P2,4,53,,manual,
2025,P2,5,58,,manual,
2025,P2,6,33,,manual,
2025,P2,7,36,,manual,
2025,P2,8,41,,manual,
2025,P2,9,70,,manual,
2025,P2,10,52,,manual,
2025,P2,11,29,,manual,
