token,document_frequency,corpus_size,df_ratio
determine,176,789,0.2231
calculate,166,789,0.2104
value,88,789,0.1115
down,87,789,0.1103
write,87,789,0.1103
given,77,789,0.0976
equation,66,789,0.0837
coordinates,59,789,0.0748
first,51,789,0.0646
values,50,789,0.0634
cos,50,789,0.0634
circle,50,789,0.0634
number,48,789,0.0608
diagram,48,789,0.0608
prove,47,789,0.0596
sin,45,789,0.057
form,44,789,0.0558
point,43,789,0.0545
show,41,789,0.052
two,40,789,0.0507
reasons,40,789,0.0507
graph,38,789,0.0482
length,37,789,0.0469
tangent,36,789,0.0456
points,36,789,0.0456
area,34,789,0.0431
data,34,789,0.0431
line,33,789,0.0418
sheet,30,789,0.038
terms,30,789,0.038
term,29,789,0.0368
sequence,28,789,0.0355
one,28,789,0.0355
drawn,28,789,0.0355
monthly,27,789,0.0342
following,26,789,0.033
using,24,789,0.0304
information,23,789,0.0292
use,23,789,0.0292
tan,22,789,0.0279
below,21,789,0.0266
aabc,21,789,0.0266
size,21,789,0.0266
centre,20,789,0.0253
interest,19,789,0.0241
sinb,19,789,0.0241
calculator,19,789,0.0241
after,18,789,0.0228
book,18,789,0.0228
least,18,789,0.0228
sinc,18,789,0.0228
sina,18,789,0.0228
cosa,18,789,0.0228
give,18,789,0.0228
quadrilateral,18,789,0.0228
intercepts,17,789,0.0215
further,17,789,0.0215
years,17,789,0.0215
giving,17,789,0.0215
month,16,789,0.0203
compounded,16,789,0.0203
loan,16,789,0.0203
period,16,789,0.0203
draw,16,789,0.0203
through,16,789,0.0203
above,16,789,0.0203
correct,15,789,0.019
decimal,15,789,0.019
pattern,15,789,0.019
axis,15,789,0.019
axes,15,789,0.019
solve,14,789,0.0177
sum,14,789,0.0177
gradient,14,789,0.0177
sketch,14,789,0.0177
inthe,14,789,0.0177
probability,14,789,0.0177
deviation,14,789,0.0177
standard,14,789,0.0177
turning,13,789,0.0165
graphs,13,789,0.0165
range,13,789,0.0165
his,13,789,0.0165
end,13,789,0.0165
rate,13,789,0.0165
regression,13,789,0.0165
squares,13,789,0.0165
interval,13,789,0.0165
distance,13,789,0.0165
reason,13,789,0.0165
quadratic,12,789,0.0152
series,12,789,0.0152
isa,12,789,0.0152
maximum,12,789,0.0152
mean,12,789,0.0152
cosx,12,789,0.0152
clearly,12,789,0.0152
places,11,789,0.0139
general,11,789,0.0139
three,11,789,0.0139
chord,11,789,0.0139
passing,11,789,0.0139
intersect,11,789,0.0139
hence,11,789,0.0139
made,10,789,0.0127
coordinate,10,789,0.0127
digit,10,789,0.0127
another,10,789,0.0127
units,10,789,0.0127
expression,10,789,0.0127
respectively,10,789,0.0127
produced,10,789,0.0127
sna,10,789,0.0127
calculations,9,789,0.0114
asymptotes,9,789,0.0114
intercept,9,789,0.0114
account,9,789,0.0114
principles,9,789,0.0114
digits,9,789,0.0114
correlation,9,789,0.0114
months,9,789,0.0114
parallelogram,9,789,0.0114
sinx,9,789,0.0114
alr,9,789,0.0114
amount,9,789,0.0114
events,9,789,0.0114
same,9,789,0.0114
different,9,789,0.0114
parallel,9,789,0.0114
atbx,8,789,0.0101
scatter,8,789,0.0101
provided,8,789,0.0101
plot,8,789,0.0101
during,8,789,0.0101
positive,8,789,0.0101
solution,8,789,0.0101
theorem,8,789,0.0101
states,8,789,0.0101
acyclic,8,789,0.0101
explain,8,789,0.0101
function,8,789,0.0101
height,8,789,0.0101
table,8,789,0.0101
mxt,8,789,0.0101
paid,8,789,0.0101
equal,8,789,0.0101
instalment,8,789,0.0101
last,7,789,0.0089
deposit,7,789,0.0089
balance,7,789,0.0089
new,7,789,0.0089
box,7,789,0.0089
minimum,7,789,0.0089
possible,7,789,0.0089
sinasin,7,789,0.0089
cosacos,7,789,0.0089
let,7,789,0.0089
next,7,789,0.0089
straight,7,789,0.0089
exactly,7,789,0.0089
justify,7,789,0.0089
cumulative,7,789,0.0089
grid,7,789,0.0089
motivate,7,789,0.0089
repeated,7,789,0.0089
cosf,7,789,0.0089
cyclic,7,789,0.0089
roots,7,789,0.0089
complete,7,789,0.0089
simultaneously,6,789,0.0076
negative,6,789,0.0076
car,6,789,0.0076
granted,6,789,0.0076
repayment,6,789,0.0076
concave,6,789,0.0076
formed,6,789,0.0076
randomly,6,789,0.0076
tand,6,789,0.0076
lim,6,789,0.0076
learner,6,789,0.0076
predict,6,789,0.0076
difference,6,789,0.0076
statements,6,789,0.0076
quadrant,6,789,0.0076
order,6,789,0.0076
centred,6,789,0.0076
radius,6,789,0.0076
lies,6,789,0.0076
trigonometric,6,789,0.0076
chords,6,789,0.0076
angles,6,789,0.0076
indicate,6,789,0.0076
four,6,789,0.0076
home,6,789,0.0076
times,6,789,0.0076
ogive,6,789,0.0076
frequency,6,789,0.0076
other,6,789,0.0076
average,6,789,0.0076
asymptote,6,789,0.0076
consecutive,5,789,0.0063
geometric,5,789,0.0063
symmetry,5,789,0.0063
sketched,5,789,0.0063
domain,5,789,0.0063
make,5,789,0.0063
money,5,789,0.0063
bought,5,789,0.0063
pay,5,789,0.0063
code,5,789,0.0063
cosasin,5,789,0.0063
take,5,789,0.0063
person,5,789,0.0063
sinacos,5,789,0.0063
comment,5,789,0.0063
shaka,5,789,0.0063
airport,5,789,0.0063
king,5,789,0.0063
international,5,789,0.0063
aircraft,5,789,0.0063
landing,5,789,0.0063
bisects,5,789,0.0063
sides,5,789,0.0063
consider,5,789,0.0063
angle,5,789,0.0063
receive,5,789,0.0063
decided,5,789,0.0063
independent,5,789,0.0063
represent,5,789,0.0063
colours,5,789,0.0063
vehicle,5,789,0.0063
class,5,789,0.0063
simplify,5,789,0.0063
diagonals,5,789,0.0063
time,5,789,0.0063
out,5,789,0.0063
buy,5,789,0.0063
cosb,5,789,0.0063
hour,5,789,0.0063
ordered,5,789,0.0063
received,5,789,0.0063
speed,5,789,0.0063
identity,5,789,0.0063
diameter,5,789,0.0063
abcd,5,789,0.0063
intersection,5,789,0.0063
identify,5,789,0.0063
ler,5,789,0.0063
learners,5,789,0.0063
real,5,789,0.0063
votes,5,789,0.0063
arithmetic,4,789,0.0051
differences,4,789,0.0051
intersects,4,789,0.0051
inverse,4,789,0.0051
describe,4,789,0.0051
january,4,789,0.0051
investment,4,789,0.0051
reducing,4,789,0.0051
method,4,789,0.0051
cost,4,789,0.0051
numbers,4,789,0.0051
second,4,789,0.0051
placed,4,789,0.0051
chosen,4,789,0.0051
coefficient,4,789,0.0051
greater,4,789,0.0051
place,4,789,0.0051
metres,4,789,0.0051
meets,4,789,0.0051
shown,4,789,0.0051
open,4,789,0.0051
thabo,4,789,0.0051
required,4,789,0.0051
floor,4,789,0.0051
less,4,789,0.0051
modal,4,789,0.0051
now,4,789,0.0051
costs,4,789,0.0051
indicating,4,789,0.0051
cola,4,789,0.0051
food,4,789,0.0051
items,4,789,0.0051
long,4,789,0.0051
best,4,789,0.0051
even,4,789,0.0051
set,4,789,0.0051
repay,4,789,0.0051
questions,4,789,0.0051
letters,4,789,0.0051
taken,4,789,0.0051
correctly,4,789,0.0051
rectangles,4,789,0.0051
male,4,789,0.0051
used,4,789,0.0051
volume,4,789,0.0051
price,4,789,0.0051
xky,4,789,0.0051
statement,4,789,0.0051
ratio,4,789,0.0051
largest,3,789,0.0038
integer,3,789,0.0038
added,3,789,0.0038
equations,3,789,0.0038
showing,3,789,0.0038
fixed,3,789,0.0038
savings,3,789,0.0038
immediately,3,789,0.0038
payments,3,789,0.0038
her,3,789,0.0038
increase,3,789,0.0038
construct,3,789,0.0038
telephone,3,789,0.0038
certain,3,789,0.0038
bull,3,789,0.0038
eye,3,789,0.0038
harry,3,789,0.0038
hit,3,789,0.0038
sinacosa,3,789,0.0038
physical,3,789,0.0038
sciences,3,789,0.0038
strength,3,789,0.0038
variation,3,789,0.0038
tum,3,789,0.0038
third,3,789,0.0038
inaabc,3,789,0.0038
asin,3,789,0.0038
obtained,3,789,0.0038
annum,3,789,0.0038
appropriate,3,789,0.0038
repaid,3,789,0.0038
mandy,3,789,0.0038
repayments,3,789,0.0038
bank,3,789,0.0038
instead,3,789,0.0038
fund,3,789,0.0038
perpendicular,3,789,0.0038
start,3,789,0.0038
insect,3,789,0.0038
stationary,3,789,0.0038
vertical,3,789,0.0038
days,3,789,0.0038
venn,3,789,0.0038
ley,3,789,0.0038
cars,3,789,0.0038
motor,3,789,0.0038
earns,3,789,0.0038
people,3,789,0.0038
smaller,3,789,0.0038
along,3,789,0.0038
areaof,3,789,0.0038
tangents,3,789,0.0038
mxte,3,789,0.0038
selby,3,789,0.0038
quarterly,3,789,0.0038
house,3,789,0.0038
payment,3,789,0.0038
codes,3,789,0.0038
divisible,3,789,0.0038
mutually,3,789,0.0038
exclusive,3,789,0.0038
coda,3,789,0.0038
day,3,789,0.0038
local,3,789,0.0038
daily,3,789,0.0038
rectangle,3,789,0.0038
meet,3,789,0.0038
lines,3,789,0.0038
circles,3,789,0.0038
name,3,789,0.0038
otherwise,3,789,0.0038
constant,3,789,0.0038
piet,3,789,0.0038
system,3,789,0.0038
absinc,3,789,0.0038
ath,3,789,0.0038
took,3,789,0.0038
whisker,3,789,0.0038
boys,3,789,0.0038
calculation,3,789,0.0038
abc,3,789,0.0038
aade,3,789,0.0038
position,3,789,0.0038
percentage,3,789,0.0038
derivative,3,789,0.0038
hours,3,789,0.0038
drug,3,789,0.0038
bloodstream,3,789,0.0038
molecules,3,789,0.0038
examinations,3,789,0.0038
cota,3,789,0.0038
estimate,3,789,0.0038
heights,3,789,0.0038
surd,3,789,0.0038
derive,3,789,0.0038
formula,3,789,0.0038
defined,3,789,0.0038
midpoint,3,789,0.0038
june,3,789,0.0038
shelf,3,789,0.0038
loaves,3,789,0.0038
bread,3,789,0.0038
litre,3,789,0.0038
tanx,3,789,0.0038
areason,3,789,0.0038
lock,3,789,0.0038
fuel,3,789,0.0038
isan,2,789,0.0025
obtain,2,789,0.0025
until,2,789,0.0025
tshepo,2,789,0.0025
makes,2,789,0.0025
annually,2,789,0.0025
according,2,789,0.0025
mpho,2,789,0.0025
inflection,2,789,0.0025
calculated,2,789,0.0025
width,2,789,0.0025
groups,2,789,0.0025
restrictions,2,789,0.0025
valid,2,789,0.0025
shot,2,789,0.0025
soe,2,789,0.0025
achieved,2,789,0.0025
teacher,2,789,0.0025
elizabeth,2,789,0.0025
exceeds,2,789,0.0025
port,2,789,0.0025
december,2,789,0.0025
pot,2,789,0.0025
garden,2,789,0.0025
lie,2,789,0.0025
ifthe,2,789,0.0025
ground,2,789,0.0025
cover,2,789,0.0025
side,2,789,0.0025
reflecting,2,789,0.0025
pays,2,789,0.0025
return,2,789,0.0025
ago,2,789,0.0025
nine,2,789,0.0025
settle,2,789,0.0025
withdraw,2,789,0.0025
curve,2,789,0.0025
probabilities,2,789,0.0025
colour,2,789,0.0025
wty,2,789,0.0025
pin,2,789,0.0025
towards,2,789,0.0025
true,2,789,0.0025
earned,2,789,0.0025
cellphone,2,789,0.0025
contracts,2,789,0.0025
reflected,2,789,0.0025
touch,2,789,0.0025
square,2,789,0.0025
pst,2,789,0.0025
pqrs,2,789,0.0025
pointon,2,789,0.0025
tim,2,789,0.0025
working,2,789,0.0025
save,2,789,0.0025
decides,2,789,0.0025
takes,2,789,0.0025
outstanding,2,789,0.0025
relevant,2,789,0.0025
unique,2,789,0.0025
aas,2,789,0.0025
select,2,789,0.0025
selects,2,789,0.0025
eee,2,789,0.0025
menu,2,789,0.0025
minutes,2,789,0.0025
interquartile,2,789,0.0025
restaurant,2,789,0.0025
rands,2,789,0.0025
tips,2,789,0.0025
reggie,2,789,0.0025
works,2,789,0.0025
part,2,789,0.0025
available,2,789,0.0025
serve,2,789,0.0025
coefficients,2,789,0.0025
plotted,2,789,0.0025
klmn,2,789,0.0025
origin,2,789,0.0025
transformation,2,789,0.0025
room,2,789,0.0025
common,2,789,0.0025
bigger,2,789,0.0025
costar,2,789,0.0025
sre,2,789,0.0025
invested,2,789,0.0025
agree,2,789,0.0025
travelling,2,789,0.0025
closest,2,789,0.0025
clients,2,789,0.0025
coding,2,789,0.0025
company,2,789,0.0025
dil,2,789,0.0025
sinz,2,789,0.0025
sprint,2,789,0.0025
jump,2,789,0.0025
athlete,2,789,0.0025
metre,2,789,0.0025
seconds,2,789,0.0025
girls,2,789,0.0025
longer,2,789,0.0025
group,2,789,0.0025
five,2,789,0.0025
cuts,2,789,0.0025
well,2,789,0.0025
ere,2,789,0.0025
fourth,2,789,0.0025
grey,2,789,0.0025
paper,2,789,0.0025
coloured,2,789,0.0025
log,2,789,0.0025
thabiso,2,789,0.0025
september,2,789,0.0025
starting,2,789,0.0025
increasing,2,789,0.0025
changing,2,789,0.0025
taking,2,789,0.0025
watch,2,789,0.0025
written,2,789,0.0025
relationship,2,789,0.0025
week,2,789,0.0025
shopper,2,789,0.0025
store,2,789,0.0025
column,2,789,0.0025
completely,2,789,0.0025
apqr,2,789,0.0025
sigma,2,789,0.0025
notation,2,789,0.0025
numerical,2,789,0.0025
annual,2,789,0.0025
depreciation,2,789,0.0025
change,2,789,0.0025
respect,2,789,0.0025
leave,2,789,0.0025
water,2,789,0.0025
arrangements,2,789,0.0025
seven,2,789,0.0025
outlier,2,789,0.0025
aan,2,789,0.0025
single,2,789,0.0025
xxy,2,789,0.0025
express,2,789,0.0025
depreciates,2,789,0.0025
samuel,2,789,0.0025
plans,2,789,0.0025
silver,2,789,0.0025
parked,2,789,0.0025
ways,2,789,0.0025
dae,2,789,0.0025
adeb,2,789,0.0025
construction,2,789,0.0025
altitudes,2,789,0.0025
creason,2,789,0.0025
letr,2,789,0.0025
infinity,2,789,0.0025
farmer,2,789,0.0025
earning,2,789,0.0025
deposited,2,789,0.0025
july,2,789,0.0025
novels,2,789,0.0025
poetry,2,789,0.0025
books,2,789,0.0025
sell,2,789,0.0025
sold,2,789,0.0025
represents,2,789,0.0025
diagrams,2,789,0.0025
milk,2,789,0.0025
containers,2,789,0.0025
combination,2,789,0.0025
sinf,2,789,0.0025
spent,2,789,0.0025
salary,2,789,0.0025
employees,2,789,0.0025
convergent,1,789,0.0013
isthe,1,789,0.0013
ais,1,789,0.0013
dim,1,789,0.0013
ocde,1,789,0.0013
contact,1,789,0.0013
translation,1,789,0.0013
continues,1,789,0.0013
deposits,1,789,0.0013
worth,1,789,0.0013
leaves,1,789,0.0013
jim,1,789,0.0013
depreciated,1,789,0.0013
conditions,1,789,0.0013
osx,1,789,0.0013
build,1,789,0.0013
bea,1,789,0.0013
exchange,1,789,0.0013
applying,1,789,0.0013
phone,1,789,0.0013
twice,1,789,0.0013
shots,1,789,0.0013
snd,1,789,0.0013
winner,1,789,0.0013
abasinc,1,789,0.0013
mxre,1,789,0.0013
ond,1,789,0.0013
isl,1,789,0.0013
hitting,1,789,0.0013
pazi,1,789,0.0013
turns,1,789,0.0013
yim,1,789,0.0013
arrow,1,789,0.0013
shoot,1,789,0.0013
challenge,1,789,0.0013
shoots,1,789,0.0013
glenda,1,789,0.0013
vity,1,789,0.0013
chance,1,789,0.0013
mark,1,789,0.0013
results,1,789,0.0013
subjects,1,789,0.0013
trend,1,789,0.0013
observe,1,789,0.0013
greatest,1,789,0.0013
landings,1,789,0.0013
higher,1,789,0.0013
swrl,1,789,0.0013
forms,1,789,0.0013
small,1,789,0.0013
touches,1,789,0.0013
amplitude,1,789,0.0013
tos,1,789,0.0013
flower,1,789,0.0013
mno,1,789,0.0013
kom,1,789,0.0013
nkp,1,789,0.0013
okp,1,789,0.0013
cot,1,789,0.0013
qst,1,789,0.0013
mnp,1,789,0.0013
fbdm,1,789,0.0013
acbe,1,789,0.0013
acdb,1,789,0.0013
deaths,1,789,0.0013
tern,1,789,0.0013
lacos,1,789,0.0013
poids,1,789,0.0013
wey,1,789,0.0013
asi,1,789,0.0013
fea,1,789,0.0013
mxtc,1,789,0.0013
sox,1,789,0.0013
ytx,1,789,0.0013
product,1,789,0.0013
factor,1,789,0.0013
bnt,1,789,0.0013
steel,1,789,0.0013
step,1,789,0.0013
sheeting,1,789,0.0013
covered,1,789,0.0013
pavilion,1,789,0.0013
comprises,1,789,0.0013
wide,1,789,0.0013
steps,1,789,0.0013
tread,1,789,0.0013
sports,1,789,0.0013
shaded,1,789,0.0013
rise,1,789,0.0013
needed,1,789,0.0013
metal,1,789,0.0013
determined,1,789,0.0013
kuda,1,789,0.0013
want,1,789,0.0013
yield,1,789,0.0013
bonus,1,789,0.0013
friends,1,789,0.0013
invest,1,789,0.0013
invests,1,789,0.0013
simple,1,789,0.0013
accumulated,1,789,0.0013
better,1,789,0.0013
commenced,1,789,0.0013
regarded,1,789,0.0013
fees,1,789,0.0013
approached,1,789,0.0013
making,1,789,0.0013
studies,1,789,0.0013
full,1,789,0.0013
daughter,1,789,0.0013
university,1,789,0.0013
extra,1,789,0.0013
advised,1,789,0.0013
passes,1,789,0.0013
crawl,1,789,0.0013
reach,1,789,0.0013
reached,1,789,0.0013
pass,1,789,0.0013
referred,1,789,0.0013
region,1,789,0.0013
associated,1,789,0.0013
necessary,1,789,0.0013
pawi,1,789,0.0013
body,1,789,0.0013
motors,1,789,0.0013
maabc,1,789,0.0013
showroom,1,789,0.0013
space,1,789,0.0013
display,1,789,0.0013
aea,1,789,0.0013
exterior,1,789,0.0013
incorporated,1,789,0.0013
interior,1,789,0.0013
plea,1,789,0.0013
manufacture,1,789,0.0013
indicated,1,789,0.0013
requires,1,789,0.0013
cosacosf,1,789,0.0013
wants,1,789,0.0013
styles,1,789,0.0013
income,1,789,0.0013
decide,1,789,0.0013
representation,1,789,0.0013
whether,1,789,0.0013
near,1,789,0.0013
far,1,789,0.0013
population,1,789,0.0013
weak,1,789,0.0013
likely,1,789,0.0013
spend,1,789,0.0013
strong,1,789,0.0013
because,1,789,0.0013
sizeof,1,789,0.0013
tdns,1,789,0.0013
aprd,1,789,0.0013
rdr,1,789,0.0013
cut,1,789,0.0013
transformed,1,789,0.0013
translated,1,789,0.0013
obcd,1,789,0.0013
interms,1,789,0.0013
decreasing,1,789,0.0013
kcf,1,789,0.0013
slab,1,789,0.0013
concrete,1,789,0.0013
intermsof,1,789,0.0013
aakf,1,789,0.0013
solar,1,789,0.0013
panel,1,789,0.0013
akf,1,789,0.0013
ave,1,789,0.0013
qrkw,1,789,0.0013
tee,1,789,0.0013
cdef,1,789,0.0013
sie,1,789,0.0013
dec,1,789,0.0013
dfc,1,789,0.0013
stm,1,789,0.0013
divides,1,789,0.0013
isapoint,1,789,0.0013
triangle,1,789,0.0013
proportionally,1,789,0.0013
words,1,789,0.0013
torv,1,789,0.0013
ris,1,789,0.0013
seta,1,789,0.0013
atsv,1,789,0.0013
awry,1,789,0.0013
ypa,1,789,0.0013
ple,1,789,0.0013
wstv,1,789,0.0013
isosceles,1,789,0.0013
bap,1,789,0.0013
tal,1,789,0.0013
ici,1,789,0.0013
reflection,1,789,0.0013
today,1,789,0.0013
quarter,1,789,0.0013
charged,1,789,0.0013
cex,1,789,0.0013
acubic,1,789,0.0013
note,1,789,0.0013
base,1,789,0.0013
organisation,1,789,0.0013
inside,1,789,0.0013
distribute,1,789,0.0013
sss,1,789,0.0013
school,1,789,0.0013
jba,1,789,0.0013
gift,1,789,0.0013
sees,1,789,0.0013
mystery,1,789,0.0013
sinp,1,789,0.0013
ane,1,789,0.0013
sweets,1,789,0.0013
sind,1,789,0.0013
bags,1,789,0.0013
ugsudi,1,789,0.0013
untied,1,789,0.0013
cafaahlcd,1,789,0.0013
fecafest,1,789,0.0013
min,1,789,0.0013
ceaffl,1,789,0.0013
povmiedhandun,1,789,0.0013
fenieiies,1,789,0.0013
osttsstessfsafeatlottoatee,1,789,0.0013
oanbetie,1,789,0.0013
itee,1,789,0.0013
mobis,1,789,0.0013
shows,1,789,0.0013
ontontantcatesioeradfus,1,789,0.0013
oom,1,789,0.0013
sogesist,1,789,0.0013
cedfdhocatf,1,789,0.0013
fsedhiieeettegut,1,789,0.0013
tel,1,789,0.0013
heeet,1,789,0.0013
fhsszd,1,789,0.0013
eat,1,789,0.0013
percentile,1,789,0.0013
waiter,1,789,0.0013
collected,1,789,0.0013
mary,1,789,0.0013
waitress,1,789,0.0013
fastest,1,789,0.0013
tournament,1,789,0.0013
fits,1,789,0.0013
player,1,789,0.0013
suggest,1,789,0.0013
tennis,1,789,0.0013
givenas,1,789,0.0013
cannot,1,789,0.0013
context,1,789,0.0013
inclination,1,789,0.0013
apointon,1,789,0.0013
akin,1,789,0.0013
rop,1,789,0.0013
obtuse,1,789,0.0013
ssn,1,789,0.0013
evaluate,1,789,0.0013
endpoint,1,789,0.0013
control,1,789,0.0013
strange,1,789,0.0013
object,1,789,0.0013
pon,1,789,0.0013
pointson,1,789,0.0013
aagh,1,789,0.0013
jklm,1,789,0.0013
atr,1,789,0.0013
bdrt,1,789,0.0013
outside,1,789,0.0013
xand,1,789,0.0013
std,1,789,0.0013
abts,1,789,0.0013
scdb,1,789,0.0013
bds,1,789,0.0013
ast,1,789,0.0013
aoe,1,789,0.0013
xia,1,789,0.0013
unequal,1,789,0.0013
turing,1,789,0.0013
mbali,1,789,0.0013
charges,1,789,0.0013
agrees,1,789,0.0013
year,1,789,0.0013
scd,1,789,0.0013
yevip,1,789,0.0013
claire,1,789,0.0013
claims,1,789,0.0013
described,1,789,0.0013
aerial,1,789,0.0013
sits,1,789,0.0013
benny,1,789,0.0013
view,1,789,0.0013
road,1,789,0.0013
vantage,1,789,0.0013
dotted,1,789,0.0013
observes,1,789,0.0013
stretch,1,789,0.0013
illustrate,1,789,0.0013
uses,1,789,0.0013
applications,1,789,0.0013
identified,1,789,0.0013
cofat,1,789,0.0013
aes,1,789,0.0013
pcos,1,789,0.0013
uniquely,1,789,0.0013
yeas,1,789,0.0013
bce,1,789,0.0013
cosar,1,789,0.0013
runs,1,789,0.0013
decrease,1,789,0.0013
included,1,789,0.0013
completes,1,789,0.0013
summary,1,789,0.0013
naming,1,789,0.0013
lower,1,789,0.0013
median,1,789,0.0013
named,1,789,0.0013
prize,1,789,0.0013
shortest,1,789,0.0013
prizewinners,1,789,0.0013
asmk,1,789,0.0013
hop,1,789,0.0013
plane,1,789,0.0013
bis,1,789,0.0013
reflex,1,789,0.0013
cartesian,1,789,0.0013
satisfies,1,789,0.0013
ktany,1,789,0.0013
players,1,789,0.0013
dac,1,789,0.0013
tmns,1,789,0.0013
mnq,1,789,0.0013
pnq,1,789,0.0013
abde,1,789,0.0013
aadb,1,789,0.0013
aacd,1,789,0.0013
coat,1,789,0.0013
ypty,1,789,0.0013
equilateral,1,789,0.0013
kaabc,1,789,0.0013
past,1,789,0.0013
poa,1,789,0.0013
yix,1,789,0.0013
loaf,1,789,0.0013
nnd,1,789,0.0013
lee,1,789,0.0013
sxy,1,789,0.0013
che,1,789,0.0013
successive,1,789,0.0013
gap,1,789,0.0013
edge,1,789,0.0013
entire,1,789,0.0013
previous,1,789,0.0013
lcm,1,789,0.0013
weet,1,789,0.0013
rte,1,789,0.0013
root,1,789,0.0013
sooner,1,789,0.0013
final,1,789,0.0013
arrives,1,789,0.0013
determines,1,789,0.0013
john,1,789,0.0013
strictly,1,789,0.0013
random,1,789,0.0013
survey,1,789,0.0013
participated,1,789,0.0013
watched,1,789,0.0013
due,1,789,0.0013
locked,1,789,0.0013
enter,1,789,0.0013
sabesinc,1,789,0.0013
srs,1,789,0.0013
create,1,789,0.0013
lerei,1,789,0.0013
athbx,1,789,0.0013
bias,1,789,0.0013
yty,1,789,0.0013
heat,1,789,0.0013
lived,1,789,0.0013
shopped,1,789,0.0013
supermarket,1,789,0.0013
visit,1,789,0.0013
living,1,789,0.0013
eighty,1,789,0.0013
error,1,789,0.0013
tape,1,789,0.0013
recording,1,789,0.0013
short,1,789,0.0013
mounted,1,789,0.0013
measuring,1,789,0.0013
wall,1,789,0.0013
cei,1,789,0.0013
measurements,1,789,0.0013
influence,1,789,0.0013
compensate,1,789,0.0013
mount,1,789,0.0013
discovered,1,789,0.0013
ogb,1,789,0.0013
becomes,1,789,0.0013
shifted,1,789,0.0013
tsr,1,789,0.0013
cosacosb,1,789,0.0013
sinasinb,1,789,0.0013
simplest,1,789,0.0013
pyramid,1,789,0.0013
pts,1,789,0.0013
pqrt,1,789,0.0013
bcde,1,789,0.0013
lkm,1,789,0.0013
gfm,1,789,0.0013
hlkf,1,789,0.0013
amfh,1,789,0.0013
amgf,1,789,0.0013
yor,1,789,0.0013
abssin,1,789,0.0013
cofa,1,789,0.0013
jxt,1,789,0.0013
gas,1,789,0.0013
domainis,1,789,0.0013
include,1,789,0.0013
neat,1,789,0.0013
properties,1,789,0.0013
joe,1,789,0.0013
ted,1,789,0.0013
old,1,789,0.0013
replacement,1,789,0.0013
trade,1,789,0.0013
created,1,789,0.0013
sinking,1,789,0.0013
replaced,1,789,0.0013
latp,1,789,0.0013
changes,1,789,0.0013
concavity,1,789,0.0013
significance,1,789,0.0013
arranged,1,789,0.0013
word,1,789,0.0013
consisting,1,789,0.0013
vowel,1,789,0.0013
repetition,1,789,0.0013
allowed,1,789,0.0013
consonant,1,789,0.0013
known,1,789,0.0013
opel,1,789,0.0013
returns,1,789,0.0013
orange,1,789,0.0013
balls,1,789,0.0013
yellow,1,789,0.0013
choice,1,789,0.0013
sabsinc,1,789,0.0013
ball,1,789,0.0013
bag,1,789,0.0013
records,1,789,0.0013
craig,1,789,0.0013
fat,1,789,0.0013
kilojoules,1,789,0.0013
energy,1,789,0.0013
content,1,789,0.0013
dice,1,789,0.0013
recorded,1,789,0.0013
cme,1,789,0.0013
apb,1,789,0.0013
apqs,1,789,0.0013
undergo,1,789,0.0013
cad,1,789,0.0013
piece,1,789,0.0013
wood,1,789,0.0013
subtended,1,789,0.0013
circumference,1,789,0.0013
ade,1,789,0.0013
bcf,1,789,0.0013
akbt,1,789,0.0013
akb,1,789,0.0013
concyclic,1,789,0.0013
afec,1,789,0.0013
abac,1,789,0.0013
nig,1,789,0.0013
proportion,1,789,0.0013
triangles,1,789,0.0013
arnm,1,789,0.0013
akpm,1,789,0.0013
abssinc,1,789,0.0013
rel,1,789,0.0013
diez,1,789,0.0013
lad,1,789,0.0013
bie,1,789,0.0013
silak,1,789,0.0013
exponential,1,789,0.0013
simplified,1,789,0.0013
factors,1,789,0.0013
signs,1,789,0.0013
opposite,1,789,0.0013
qkt,1,789,0.0013
mpume,1,789,0.0013
current,1,789,0.0013
melissa,1,789,0.0013
tedd,1,789,0.0013
staff,1,789,0.0013
member,1,789,0.0013
selected,1,789,0.0013
park,1,789,0.0013
game,1,789,0.0013
prefer,1,789,0.0013
staying,1,789,0.0013
visiting,1,789,0.0013
password,1,789,0.0013
manufacturers,1,789,0.0013
sabsin,1,789,0.0013
inaspe,1,789,0.0013
mmx,1,789,0.0013
sra,1,789,0.0013
percentages,1,789,0.0013
candidates,1,789,0.0013
examination,1,789,0.0013
accounting,1,789,0.0013
candidate,1,789,0.0013
absent,1,789,0.0013
scored,1,789,0.0013
fit,1,789,0.0013
round,1,789,0.0013
nearest,1,789,0.0013
off,1,789,0.0013
histogram,1,789,0.0013
dok,1,789,0.0013
sends,1,789,0.0013
department,1,789,0.0013
speeding,1,789,0.0013
fine,1,789,0.0013
fines,1,789,0.0013
traffic,1,789,0.0013
motorists,1,789,0.0013
skl,1,789,0.0013
tag,1,789,0.0013
dmoe,1,789,0.0013
diolk,1,789,0.0013
cob,1,789,0.0013
cab,1,789,0.0013
joined,1,789,0.0013
odf,1,789,0.0013
aod,1,789,0.0013
sence,1,789,0.0013
areaaade,1,789,0.0013
ccsesscsserreceranees,1,789,0.0013
completed,1,789,0.0013
proof,1,789,0.0013
nicuasimcnamauamed,1,789,0.0013
partially,1,789,0.0013
siusmusmaasnis,1,789,0.0013
tesroke,1,789,0.0013
pyn,1,789,0.0013
ifin,1,789,0.0013
adm,1,789,0.0013
afdc,1,789,0.0013
abdc,1,789,0.0013
posfiey,1,789,0.0013
arts,1,789,0.0013
arqp,1,789,0.0013
frequenc,1,789,0.0013
hae,1,789,0.0013
ore,1,789,0.0013
eae,1,789,0.0013
rrr,1,789,0.0013
coton,1,789,0.0013
alec,1,789,0.0013
rea,1,789,0.0013
biiarea,1,789,0.0013
een,1,789,0.0013
adee,1,789,0.0013
bdxh,1,789,0.0013
setsesenaeesensestsnessessensssensessusseaescenesacensensnaseasaseasensenenscsssesasecseesssessusacssessasssccassesetsesssesees,1,789,0.0013
wee,1,789,0.0013
adka,1,789,0.0013
smsccsmusssmeenaen,1,789,0.0013
eeeee,1,789,0.0013
woe,1,789,0.0013
nan,1,789,0.0013
mier,1,789,0.0013
vvb,1,789,0.0013
bape,1,789,0.0013
mea,1,789,0.0013
non,1,789,0.0013
ovo,1,789,0.0013
termsis,1,789,0.0013
expansion,1,789,0.0013
details,1,789,0.0013
tractor,1,789,0.0013
accrue,1,789,0.0013
wanted,1,789,0.0013
costing,1,789,0.0013
purchase,1,789,0.0013
distinct,1,789,0.0013
petrol,1,789,0.0013
travel,1,789,0.0013
close,1,789,0.0013
tap,1,789,0.0013
remembers,1,789,0.0013
suddenly,1,789,0.0013
flowing,1,789,0.0013
keep,1,789,0.0013
around,1,789,0.0013
low,1,789,0.0013
arrange,1,789,0.0013
right,1,789,0.0013
dramas,1,789,0.0013
left,1,789,0.0013
novel,1,789,0.0013
xth,1,789,0.0013
pea,1,789,0.0013
youmxte,1,789,0.0013
drama,1,789,0.0013
able,1,789,0.0013
shop,1,789,0.0013
tuck,1,789,0.0013
delivered,1,789,0.0013
owner,1,789,0.0013
sof,1,789,0.0013
skewness,1,789,0.0013
sells,1,789,0.0013
container,1,789,0.0013
accuracy,1,789,0.0013
refer,1,789,0.0013
aces,1,789,0.0013
xcos,1,789,0.0013
tqr,1,789,0.0013
atqr,1,789,0.0013
kfc,1,789,0.0013
dfk,1,789,0.0013
nnil,1,789,0.0013
alkn,1,789,0.0013
aksm,1,789,0.0013
lien,1,789,0.0013
loh,1,789,0.0013
see,1,789,0.0013
asiy,1,789,0.0013
seen,1,789,0.0013
xhi,1,789,0.0013
attox,1,789,0.0013
oey,1,789,0.0013
sab,1,789,0.0013
aut,1,789,0.0013
ria,1,789,0.0013
always,1,789,0.0013
funds,1,789,0.0013
tino,1,789,0.0013
computer,1,789,0.0013
means,1,789,0.0013
continued,1,789,0.0013
depositing,1,789,0.0013
sufficient,1,789,0.0013
horizontal,1,789,0.0013
isatangentto,1,789,0.0013
variable,1,789,0.0013
anda,1,789,0.0013
occurring,1,789,0.0013
none,1,789,0.0013
occur,1,789,0.0013
numbered,1,789,0.0013
contain,1,789,0.0013
combinations,1,789,0.0013
ped,1,789,0.0013
sing,1,789,0.0013
pala,1,789,0.0013
attempt,1,789,0.0013
mxtce,1,789,0.0013
interview,1,789,0.0013
invited,1,789,0.0013
fewer,1,789,0.0013
popularity,1,789,0.0013
score,1,789,0.0013
provide,1,789,0.0013
good,1,789,0.0013
nota,1,789,0.0013
indicator,1,789,0.0013
prediction,1,789,0.0013
reliable,1,789,0.0013
employed,1,789,0.0013
spends,1,789,0.0013
particular,1,789,0.0013
employee,1,789,0.0013
remains,1,789,0.0013
litres,1,789,0.0013
increases,1,789,0.0013
beginning,1,789,0.0013
salaries,1,789,0.0013
posc,1,789,0.0013
beasecant,1,789,0.0013
rewrite,1,789,0.0013
sit,1,789,0.0013
aadc,1,789,0.0013
mnpr,1,789,0.0013
aabg,1,789,0.0013
midpoints,1,789,0.0013
ofa,1,789,0.0013
otbg,1,789,0.0013
gob,1,789,0.0013
atbhx,1,789,0.0013
pall,1,789,0.0013
att,1,789,0.0013
srz,1,789,0.0013
sinfb,1,789,0.0013
